id;dni;nombre;direccion;telefono
1;Gerente parsing;sensor Guantes;direccional;71669
2;and Directo;ADP Murcia Global;Account generate;393
3;Humano Salchichas colaboración;Violeta Sopa;payment;27856
4;cross-platform;Mascotas;array deposit Investment;84668
5;navigating Futuro;Analista Rústico;Infraestructura;88409
6;Extremadura;panel;GB parsing;36883
7;estructura cohesiva;connect;overriding Supervisor Papelería;24470
8;extend Hormigon optical;Auto Rambla;deposit Supervisor;85047
9;Pequeño Técnico;grupo Videojuegos;utilización uniforme Papelería;54418
10;Account Deportes Nacional;Money;Buckinghamshire;71578
